Title,Description,Source Tables
Income Inequality in America,"Analyze how income levels have shifted across regions, identifying trends in wealth distribution and economic disparities.","Income Distribution by Household, Median Household Income, Poverty Statistics"
The Changing Face of Urbanization,"Explore how cities have grown or shrunk over time, identifying trends in urban migration and how it impacts local economies.","Population Estimates, Housing Units, Geographic Area Characteristics, Urban and Rural Population Statistics"
Healthcare Access and Outcomes,"Examine the relationship between healthcare accessibility and health outcomes, highlighting disparities across different populations.","Healthcare Facilities, Insurance Coverage Rates, Patient Outcomes, Preventive Care Statistics"
Education Gaps Across Demographics,"Investigate educational attainment levels among various demographic groups, identifying barriers and opportunities for improvement.","Educational Attainment by Age, Gender, and Ethnicity, School Enrollment Rates, Graduation Rates, Funding Allocation"
Environmental Impacts of Industrialization,"Assess the environmental consequences of industrial growth, focusing on pollution levels, resource consumption, and sustainability efforts.","Air Quality Index, Water Pollution Levels, Energy Consumption, Renewable Energy Adoption Rates"
Housing Market Trends,"Analyze trends in the housing market, including pricing, availability, and affordability across different regions.","Median Home Prices, Housing Inventory Levels, Mortgage Rates, Rental Vacancy Rates"
Employment and Unemployment Rates,"Explore employment patterns and unemployment rates, identifying sectors with growth or decline and their socioeconomic impacts.","Employment by Industry, Unemployment Rates by Demographics, Job Creation Statistics, Workforce Participation Rates"
Crime Rates and Public Safety,"Examine crime statistics to assess public safety, identifying hotspots and evaluating the effectiveness of law enforcement strategies.","Crime Incidents by Type and Location, Police Staffing Levels, Recidivism Rates, Community Policing Initiatives"
Technological Advancements and Society,"Investigate the societal impacts of technological innovations, including changes in employment, communication, and daily life.","Technology Adoption Rates, Job Automation Statistics, Internet Usage Data, Social Media Engagement Metrics"
Demographic Shifts and Aging Population,"Assess demographic changes, focusing on the aging population and its implications for healthcare, housing, and the workforce.","Population Aging Statistics, Dependency Ratios, Retirement Savings Rates, Senior Housing Availability"